epoch,rps
1790282586,2
1790282587,5
1790282588,5
1790282589,5
1790282590,5
1790282591,5
1790282592,5
1790282593,5
1790282594,5
1790282595,5
1790282596,5
1790282597,5
1790282598,5
1790282599,5
1790282600,5
1790282601,5
1790282602,5
1790282603,5
1790282604,5
1790282605,5
1790282606,5
1790282607,5
1790282608,5
1790282609,5
1790282610,5
1790282611,5
1790282612,5
1790282613,5
1790282614,5
1790282615,5
1790282616,7
1790282617,17
1790282618,29
1790282619,40
1790282620,52
1790282621,63
1790282622,75
1790282623,86
1790282624,98
1790282625,109
1790282626,119
1790282627,120
1790282628,120
1790282629,120
1790282630,120
1790282631,120
1790282632,120
1790282633,120
1790282634,120
1790282635,120
1790282636,120
1790282637,120
1790282638,120
1790282639,120
1790282640,120
1790282641,120
1790282642,120
1790282643,120
1790282644,120
1790282645,120
1790282646,120
1790282647,120
1790282648,118
1790282649,122
1790282650,120
1790282651,120
1790282652,120
1790282653,120
1790282654,120
1790282655,120
1790282656,120
1790282657,120
1790282658,120
1790282659,120
1790282660,120
1790282661,120
1790282662,120
1790282663,115
1790282664,123
1790282665,113
1790282666,127
1790282667,121
1790282668,120
1790282669,120
1790282670,120
1790282671,120
1790282672,119
1790282673,122
1790282674,120
1790282675,120
1790282676,120
1790282677,120
1790282678,118
1790282679,118
1790282680,122
1790282681,121
1790282682,121
1790282683,120
1790282684,118
1790282685,122
1790282686,120
1790282687,120
1790282688,120
1790282689,120
1790282690,120
1790282691,120
1790282692,120
1790282693,120
1790282694,120
1790282695,120
1790282696,120
1790282697,120
1790282698,120
1790282699,120
1790282700,120
1790282701,120
1790282702,120
1790282703,120
1790282704,120
1790282705,120
1790282706,120
1790282707,120
1790282708,120
1790282709,120
1790282710,120
1790282711,120
1790282712,120
1790282713,120
1790282714,120
1790282715,120
1790282716,120
1790282717,120
1790282718,120
1790282719,120
1790282720,120
1790282721,120
1790282722,120
1790282723,120
1790282724,120
1790282725,120
1790282726,120
1790282727,120
1790282728,120
1790282729,120
1790282730,120
1790282731,120
1790282732,120
1790282733,120
1790282734,120
1790282735,120
1790282736,120
1790282737,120
1790282738,120
1790282739,120
1790282740,120
1790282741,120
1790282742,120
1790282743,120
1790282744,120
1790282745,120
1790282746,120
1790282747,120
1790282748,120
1790282749,120
1790282750,120
1790282751,120
1790282752,120
1790282753,120
1790282754,120
1790282755,120
1790282756,120
1790282757,120
1790282758,120
1790282759,119
1790282760,121
1790282761,120
1790282762,120
1790282763,120
1790282764,120
1790282765,120
1790282766,120
1790282767,120
1790282768,120
1790282769,120
1790282770,120
1790282771,120
1790282772,120
1790282773,120
1790282774,120
1790282775,120
1790282776,120
1790282777,120
1790282778,120
1790282779,120
1790282780,120
1790282781,120
1790282782,120
1790282783,120
1790282784,120
1790282785,120
1790282786,120
1790282787,120
1790282788,120
1790282789,120
1790282790,120
1790282791,120
1790282792,120
1790282793,120
1790282794,120
1790282795,120
1790282796,120
1790282797,120
1790282798,120
1790282799,120
1790282800,120
1790282801,120
1790282802,120
1790282803,120
1790282804,120
1790282805,120
1790282806,120
1790282807,120
1790282808,120
1790282809,120
1790282810,120
1790282811,120
1790282812,120
1790282813,120
1790282814,120
1790282815,120
1790282816,120
1790282817,120
1790282818,120
1790282819,120
1790282820,120
1790282821,120
1790282822,120
1790282823,120
1790282824,120
1790282825,120
1790282826,120
1790282827,120
1790282828,120
1790282829,120
1790282830,120
1790282831,120
1790282832,120
1790282833,120
1790282834,120
1790282835,120
1790282836,120
1790282837,120
1790282838,120
1790282839,120
1790282840,120
1790282841,120
1790282842,120
1790282843,120
1790282844,120
1790282845,120
1790282846,120
1790282847,120
1790282848,120
1790282849,120
1790282850,120
1790282851,120
1790282852,120
1790282853,120
1790282854,120
1790282855,120
1790282856,120
1790282857,120
1790282858,120
1790282859,120
1790282860,120
1790282861,120
1790282862,120
1790282863,120
1790282864,120
1790282865,120
1790282866,118
1790282867,108
1790282868,96
1790282869,85
1790282870,73
1790282871,62
1790282872,50
1790282873,39
1790282874,27
1790282875,16
1790282876,6
1790282877,5
1790282878,5
1790282879,5
1790282880,5
1790282881,5
1790282882,5
1790282883,5
1790282884,5
1790282885,5
1790282886,5
1790282887,5
1790282888,5
1790282889,5
1790282890,5
1790282891,5
1790282892,5
1790282893,5
1790282894,5
1790282895,5
1790282896,5
1790282897,5
1790282898,5
1790282899,5
1790282900,5
1790282901,5
1790282902,5
1790282903,5
1790282904,5
1790282905,5
1790282906,5
1790282907,5
1790282908,5
1790282909,5
1790282910,5
1790282911,5
1790282912,5
1790282913,5
1790282914,5
1790282915,5
1790282916,5
1790282917,5
1790282918,5
1790282919,5
1790282920,5
1790282921,5
1790282922,5
1790282923,5
1790282924,5
1790282925,5
1790282926,5
1790282927,5
1790282928,5
1790282929,5
1790282930,5
1790282931,5
1790282932,5
1790282933,5
1790282934,5
1790282935,5
1790282936,2
